,City,Lat,Lng,Max Temp,Humidity,Cloudiness,Wind Speed,Country,Date
0,Chifeng,42.2683,118.9636,268.87,92.0,99.0,0.5,CN,1612070759.0
1,Cabo San Lucas,22.8909,-109.9124,290.93,82.0,53.0,0.45,MX,1612070759.0
2,Usol'ye-Sibirskoye,52.7519,103.6453,243.74,82.0,100.0,5.31,RU,1612070759.0
3,Salinas,36.6777,-121.6555,284.15,81.0,40.0,1.62,US,1612070759.0
4,Tiznit Province,29.5833,-9.5,285.85,79.0,22.0,0.68,MA,1612070759.0
5,Tutóia,-2.7619,-42.2744,299.35,85.0,100.0,4.26,BR,1612070760.0
6,Punta Arenas,-53.15,-70.9167,282.15,71.0,0.0,9.77,CL,1612070528.0
8,Katherine,-14.4667,132.2667,307.15,52.0,40.0,4.12,AU,1612070733.0
9,New Norfolk,-42.7826,147.0587,295.93,40.0,5.0,1.79,AU,1612070760.0
10,Hobart,-42.8794,147.3294,295.93,49.0,75.0,4.63,AU,1612070517.0
11,Cidreira,-30.1811,-50.2056,296.73,91.0,92.0,2.7,BR,1612070671.0
12,Kaitangata,-46.2817,169.8464,290.37,77.0,100.0,2.24,NZ,1612070761.0
13,Chilca,-12.5211,-76.7372,295.37,83.0,0.0,4.63,PE,1612070589.0
14,Tuktoyaktuk,69.4541,-133.0374,237.15,68.0,40.0,1.54,CA,1612070762.0
15,Srednekolymsk,67.45,153.6833,235.4,83.0,100.0,2.8,RU,1612070690.0
16,Qaanaaq,77.484,-69.3632,252.84,85.0,100.0,0.37,GL,1612070714.0
17,Hermanus,-34.4187,19.2345,291.48,89.0,2.0,0.45,ZA,1612070762.0
18,Bilibino,68.0546,166.4372,240.13,78.0,7.0,2.91,RU,1612070762.0
19,Khatanga,71.9667,102.5,228.9,78.0,43.0,0.57,RU,1612070763.0
21,Kapaa,22.0752,-159.319,296.15,88.0,75.0,8.23,US,1612070763.0
22,Quang Ngai,15.1167,108.8,295.91,84.0,100.0,2.68,VN,1612070657.0
23,Jasper,37.2001,-94.3502,279.26,87.0,90.0,8.23,US,1612070763.0
24,Ahipara,-35.1667,173.1667,293.34,59.0,22.0,1.92,NZ,1612070764.0
25,Changping,40.2186,116.2197,274.26,69.0,0.0,1.0,CN,1612070764.0
26,Torbay,47.6666,-52.7314,271.48,93.0,90.0,6.17,CA,1612070720.0
27,Dhidhdhoo,6.8833,73.1,300.75,65.0,0.0,2.8,MV,1612070764.0
28,Mahébourg,-20.4081,57.7,302.15,70.0,40.0,4.63,MU,1612070764.0
29,Port Blair,11.6667,92.75,301.79,66.0,0.0,5.37,IN,1612070765.0
30,Foumban,5.7291,10.9001,288.31,35.0,0.0,1.67,CM,1612070765.0
31,Peleduy,59.6289,112.7406,238.92,80.0,100.0,4.02,RU,1612070765.0
32,Hilo,19.7297,-155.09,297.15,69.0,75.0,2.06,US,1612070614.0
33,Calama,-22.4667,-68.9333,282.15,25.0,0.0,5.66,CL,1612070766.0
34,Upernavik,72.7868,-56.1549,250.24,85.0,84.0,2.06,GL,1612070693.0
35,Talnakh,69.4865,88.3972,238.36,71.0,0.0,3.41,RU,1612070766.0
37,Bengkulu,-3.8004,102.2655,298.64,81.0,100.0,0.8,ID,1612070766.0
38,George Town,5.4112,100.3354,305.15,45.0,20.0,2.57,MY,1612070718.0
39,Wellington,-41.2866,174.7756,292.15,55.0,0.0,2.57,NZ,1612070525.0
40,Sechura,-5.5569,-80.8222,298.15,62.0,36.0,5.55,PE,1612070767.0
42,Avarua,-21.2078,-159.775,299.15,83.0,75.0,1.03,CK,1612070767.0
44,Ust-Tsilma,65.441,52.1498,259.14,94.0,100.0,3.91,RU,1612070768.0
45,Pangnirtung,66.1451,-65.7125,251.37,78.0,61.0,1.66,CA,1612070768.0
46,Rikitea,-23.1203,-134.9692,299.49,73.0,37.0,4.24,PF,1612070768.0
47,Kumhāri,21.2667,81.5167,293.15,34.0,27.0,2.06,IN,1612070768.0
48,Norman Wells,65.282,-126.8329,242.15,76.0,75.0,1.67,CA,1612070769.0
49,Bambous Virieux,-20.3428,57.7575,302.59,70.0,40.0,4.63,MU,1612070769.0
50,Pisco,-13.7,-76.2167,294.15,78.0,0.0,4.63,PE,1612070769.0
51,Pyinmana,19.7333,96.2167,303.09,28.0,26.0,2.65,MM,1612070769.0
52,Salinópolis,-0.6136,-47.3561,298.89,86.0,100.0,4.39,BR,1612070719.0
53,Boshan,36.4833,117.8333,287.59,37.0,21.0,0.89,CN,1612070770.0
54,Constitución,-35.3333,-72.4167,287.95,92.0,26.0,2.84,CL,1612070770.0
55,Port Alfred,-33.5906,26.891,294.26,86.0,31.0,1.56,ZA,1612070770.0
56,Ushuaia,-54.8,-68.3,281.15,66.0,0.0,4.63,AR,1612070770.0
57,Butaritari,3.0707,172.7902,300.71,80.0,61.0,7.61,KI,1612070770.0
58,Busselton,-33.65,115.3333,307.04,33.0,0.0,0.89,AU,1612070711.0
59,Cape Town,-33.9258,18.4232,292.59,88.0,75.0,5.66,ZA,1612070597.0
60,Mairana,-18.1167,-63.9333,288.45,100.0,84.0,1.26,BO,1612070771.0
61,Saskylakh,71.9167,114.0833,237.16,83.0,100.0,3.87,RU,1612070691.0
62,Asău,46.4333,26.4,273.15,80.0,90.0,5.14,RO,1612070771.0
63,Codrington,-38.2667,141.9667,291.91,60.0,0.0,5.88,AU,1612070749.0
64,Esperance,-33.8667,121.9,302.15,23.0,0.0,3.6,AU,1612070744.0
65,Shingū,33.7333,135.9833,285.15,47.0,20.0,6.69,JP,1612070772.0
66,Hasaki,35.7333,140.8333,285.37,32.0,20.0,9.26,JP,1612070772.0
67,Ambanja,-13.6833,48.45,302.15,76.0,20.0,1.02,MG,1612070772.0
68,Bluff,-46.6,168.3333,287.37,77.0,99.0,5.2,NZ,1612070679.0
69,Jardim,-21.4803,-56.1381,296.12,90.0,5.0,2.37,BR,1612070773.0
70,Kawambwa,-9.7915,29.0791,291.02,91.0,100.0,0.59,ZM,1612070773.0
71,Burgeo,47.6167,-57.6152,271.1,92.0,39.0,4.53,CA,1612070730.0
72,Weligama,5.9667,80.4167,302.71,62.0,1.0,1.02,LK,1612070662.0
73,Yushu,44.8,126.5333,257.56,95.0,100.0,3.19,CN,1612070774.0
75,Yellowknife,62.456,-114.3525,245.37,76.0,1.0,2.57,CA,1612070774.0
76,Ponta do Sol,32.6667,-17.1,287.59,74.0,12.0,1.34,PT,1612070774.0
77,Ituporanga,-27.4144,-49.6025,297.04,100.0,55.0,0.41,BR,1612070774.0
78,Narsaq,60.9167,-46.05,277.15,28.0,75.0,13.38,GL,1612070775.0
79,Qaqortoq,60.7167,-46.0333,277.15,28.0,75.0,13.38,GL,1612070775.0
80,Mataura,-46.1927,168.8643,295.8,41.0,95.0,1.74,NZ,1612070775.0
81,Pravia,43.4906,-6.1508,286.48,76.0,75.0,4.63,ES,1612070775.0
82,Dingle,10.9995,122.6711,301.0,72.0,90.0,7.2,PH,1612070775.0
83,Warrington,53.3925,-2.5802,273.71,86.0,100.0,4.63,GB,1612070776.0
84,Dikson,73.5069,80.5464,237.22,80.0,0.0,2.25,RU,1612070674.0
85,Faanui,-16.4833,-151.75,301.23,68.0,98.0,3.49,PF,1612070776.0
86,Iqaluit,63.7506,-68.5145,249.15,70.0,1.0,7.72,CA,1612070776.0
87,Thompson,55.7435,-97.8558,263.15,85.0,90.0,1.54,CA,1612070776.0
88,Nikolskoye,59.7035,30.7861,269.15,86.0,75.0,2.0,RU,1612070776.0
89,Tasiilaq,65.6145,-37.6368,265.15,53.0,75.0,2.57,GL,1612070777.0
90,Mezen',65.8522,44.24,262.98,97.0,100.0,2.34,RU,1612070774.0
91,Provideniya,64.3833,-173.3,250.36,84.0,100.0,8.04,RU,1612070749.0
92,North Platte,41.1239,-100.7654,271.15,80.0,90.0,5.66,US,1612070777.0
93,Bethel,41.3712,-73.414,263.71,74.0,1.0,2.19,US,1612070777.0
95,Monrovia,6.3005,-10.7969,297.15,94.0,40.0,2.52,LR,1612070778.0
96,Suoyarvi,62.0833,32.35,260.13,96.0,94.0,2.01,RU,1612070778.0
97,Rio Grande,-32.035,-52.0986,293.15,99.0,100.0,1.1,BR,1612070575.0
98,Saint-Augustin,51.226,-58.6502,269.88,92.0,99.0,7.53,CA,1612070729.0
99,San Patricio,28.017,-97.5169,292.04,94.0,1.0,1.54,US,1612070778.0
100,Boyolangu,-8.1181,111.8935,303.19,65.0,67.0,0.66,ID,1612070779.0
101,Mossamedes,-15.1961,12.1522,295.07,78.0,85.0,2.06,AO,1612070736.0
102,Souillac,-20.5167,57.5167,302.15,70.0,40.0,4.63,MU,1612070779.0
103,Yeppoon,-23.1333,150.7333,304.15,45.0,40.0,6.69,AU,1612070779.0
105,Mount Gambier,-37.8333,140.7667,296.15,46.0,0.0,7.2,AU,1612070607.0
106,Barrow,71.2906,-156.7887,246.15,69.0,90.0,3.09,US,1612070703.0
107,Antalaha,-14.9003,50.2788,300.49,74.0,2.0,1.97,MG,1612070780.0
108,Kloulklubed,7.0419,134.2556,303.15,62.0,75.0,6.69,PW,1612070780.0
109,Broome,42.2506,-75.833,261.15,85.0,40.0,0.57,US,1612070780.0
110,Aklavik,68.2191,-135.0107,240.15,68.0,100.0,3.17,CA,1612070763.0
111,Port Macquarie,-31.4333,152.9167,298.71,91.0,34.0,4.04,AU,1612070781.0
112,Isangel,-19.55,169.2667,299.15,89.0,75.0,1.54,VU,1612070781.0
113,Camaná,-16.6228,-72.7111,294.06,71.0,86.0,3.0,PE,1612070781.0
114,Albany,42.6001,-73.9662,260.37,59.0,18.0,1.67,US,1612070701.0
115,Kamenka,51.3223,42.7678,273.71,94.0,100.0,3.58,RU,1612070782.0
116,La Romana,18.4273,-68.9728,294.86,86.0,36.0,7.09,DO,1612070662.0
118,Vila Velha,-20.3297,-40.2925,298.15,83.0,20.0,2.57,BR,1612070782.0
119,Osmanabad,18.1667,76.05,298.81,40.0,60.0,5.24,IN,1612070782.0
120,Umm Kaddadah,13.6017,26.6876,287.78,32.0,23.0,6.13,SD,1612070783.0
121,Atuona,-9.8,-139.0333,299.39,76.0,74.0,7.65,PF,1612070783.0
122,Raudeberg,61.9875,5.1352,273.15,93.0,90.0,1.03,NO,1612070783.0
123,Rock Hill,34.9249,-81.0251,278.15,60.0,90.0,2.45,US,1612070783.0
124,Mount Isa,-20.7333,139.5,313.15,21.0,40.0,3.6,AU,1612070695.0
125,Mahon,39.8885,4.2658,284.15,71.0,0.0,6.17,ES,1612070783.0
126,Lebu,-37.6167,-73.65,286.21,88.0,5.0,5.72,CL,1612070680.0
127,Manta,-0.95,-80.7333,298.15,88.0,90.0,2.06,EC,1612070784.0
128,Emba,48.8264,58.1442,264.33,93.0,2.0,3.72,KZ,1612070780.0
129,Clyde River,70.4692,-68.5914,253.15,77.0,90.0,0.67,CA,1612070784.0
130,Havelock,34.8791,-76.9013,276.48,55.0,90.0,2.57,US,1612070784.0
131,Gannan,47.9147,123.5031,254.3,88.0,100.0,2.13,CN,1612070785.0
132,Coyhaique,-45.5752,-72.0662,281.15,81.0,0.0,0.35,CL,1612070717.0
133,Vao,-22.6667,167.4833,298.0,79.0,68.0,9.57,NC,1612070785.0
134,Saldanha,-33.0117,17.9442,291.13,91.0,12.0,2.31,ZA,1612070785.0
135,Kintampo,8.0563,-1.7306,295.35,60.0,16.0,0.61,GH,1612070785.0
136,Kovūr,14.4833,79.9833,301.54,52.0,69.0,3.08,IN,1612070786.0
138,Lodja,-3.4833,23.4333,294.15,97.0,100.0,0.45,CD,1612070786.0
139,Loandjili,-4.7561,11.8578,297.15,94.0,75.0,1.03,CG,1612070786.0
140,Nizwá,22.9333,57.5333,296.05,28.0,0.0,0.44,OM,1612070786.0
141,Waddān,29.1614,16.139,285.6,41.0,0.0,2.08,LY,1612070787.0
143,Zhangjiakou,40.81,114.8794,273.4,73.0,0.0,1.17,CN,1612070787.0
144,Doha,25.2867,51.5333,293.15,55.0,0.0,6.69,QA,1612070744.0
145,Goderich,43.7501,-81.7165,264.15,86.0,100.0,3.09,CA,1612070787.0
146,Alekseyevsk,57.8406,108.3492,237.66,79.0,100.0,1.97,RU,1612070788.0
147,Conceição da Barra,-18.5933,-39.7322,296.3,87.0,11.0,1.57,BR,1612070788.0
148,Saint-François,46.4154,3.9054,279.82,93.0,90.0,1.03,FR,1612070788.0
149,Lavrentiya,65.5833,-171.0,248.43,85.0,79.0,3.79,RU,1612070788.0
150,Zhigansk,66.7697,123.3711,230.91,75.0,73.0,2.32,RU,1612070788.0
151,Pevek,69.7008,170.3133,236.56,84.0,3.0,1.25,RU,1612070758.0
152,Mt. Pleasant,32.7941,-79.8626,285.93,82.0,90.0,2.06,US,1612070788.0
153,Maceió,-9.6658,-35.7353,296.15,100.0,40.0,1.54,BR,1612070635.0
154,Pundaguitan,6.3711,126.1689,300.81,74.0,85.0,6.02,PH,1612070789.0
155,Hithadhoo,-0.6,73.0833,300.89,79.0,39.0,6.52,MV,1612070789.0
156,Chapleau,47.8405,-83.4034,255.92,93.0,57.0,2.13,CA,1612070789.0
157,Chui,-33.6971,-53.4616,293.38,91.0,100.0,7.59,UY,1612070790.0
158,Smoky Lake,54.1169,-112.4686,255.15,85.0,65.0,2.57,CA,1612070790.0
159,Anadyr,64.75,177.4833,255.15,78.0,90.0,13.0,RU,1612070790.0
160,Salalah,17.0151,54.0924,296.15,56.0,40.0,2.57,OM,1612070790.0
161,Santo Antônio do Sudoeste,-26.0736,-53.7253,292.74,98.0,21.0,1.98,BR,1612070790.0
162,Cauquenes,-35.9671,-72.3225,287.3,89.0,4.0,0.51,CL,1612070791.0
163,Samarai,-10.6167,150.6667,302.8,73.0,100.0,8.12,PG,1612070791.0
165,Jamestown,42.097,-79.2353,266.48,73.0,90.0,3.09,US,1612070622.0
166,Kovdor,67.5662,30.4758,258.44,95.0,100.0,0.85,RU,1612070791.0
167,Saint George,37.1041,-113.5841,277.59,75.0,1.0,1.16,US,1612070720.0
168,Oussouye,12.485,-16.5469,293.83,22.0,58.0,3.22,SN,1612070711.0
169,São Filipe,14.8961,-24.4956,296.01,64.0,87.0,3.94,CV,1612070792.0
170,Port Elizabeth,-33.918,25.5701,293.15,77.0,0.0,1.03,ZA,1612070792.0
172,São Miguel do Araguaia,-13.275,-50.1628,294.96,91.0,83.0,1.06,BR,1612070794.0
173,Macamic,48.7502,-78.9996,252.15,77.0,90.0,2.57,CA,1612070794.0
174,Korla,41.7597,86.1469,270.6,78.0,0.0,3.45,CN,1612070794.0
175,Airai,-8.9266,125.4092,291.3,100.0,100.0,3.01,TL,1612070794.0
176,San Quintín,30.4833,-115.95,286.72,77.0,2.0,2.09,MX,1612070794.0
178,Wajir,1.7471,40.0573,295.82,68.0,39.0,6.85,KE,1612070795.0
179,Mayumba,-3.432,10.6554,298.23,87.0,100.0,1.19,GA,1612070795.0
180,Hudson Bay,52.85,-102.3842,258.72,95.0,98.0,0.57,CA,1612070795.0
181,Lompoc,34.6391,-120.4579,280.93,93.0,1.0,0.9,US,1612070795.0
182,Lahaina,20.8783,-156.6825,296.15,68.0,1.0,6.69,US,1612070796.0
183,Yuzhno-Kurilsk,44.0306,145.8556,267.61,91.0,60.0,8.2,RU,1612070796.0
184,Maragogi,-9.0122,-35.2225,298.15,82.0,100.0,2.95,BR,1612070796.0
185,Viedma,-40.8135,-62.9967,287.13,64.0,9.0,3.13,AR,1612070796.0
186,Dunedin,-45.8742,170.5036,288.15,80.0,68.0,10.73,NZ,1612070796.0
189,Exmouth,50.6172,-3.4023,276.48,88.0,96.0,4.26,GB,1612070797.0
190,Vila Franca do Campo,37.7167,-25.4333,290.37,94.0,75.0,5.14,PT,1612070797.0
191,Porto-Novo,6.4965,2.6036,300.15,89.0,40.0,1.54,BJ,1612070797.0
192,Taoudenni,22.6783,-3.9836,288.25,32.0,1.0,1.36,ML,1612070798.0
193,Porto Torres,40.835,8.3972,286.15,67.0,75.0,5.66,IT,1612070798.0
194,Sitka,57.0531,-135.33,276.15,75.0,1.0,1.54,US,1612070594.0
195,Etah,27.6333,78.6667,290.0,31.0,0.0,2.26,IN,1612070798.0
197,Beira,-19.8436,34.8389,300.15,89.0,20.0,1.03,MZ,1612070799.0
198,Vardø,70.3705,31.1107,269.63,96.0,100.0,9.16,NO,1612070799.0
200,Alofi,-19.0595,-169.9187,300.15,78.0,100.0,3.6,NU,1612070729.0
201,Mincivan,39.0294,46.7185,280.21,54.0,50.0,6.0,AZ,1612070799.0
202,Kaeo,-35.1,173.7833,295.93,58.0,3.0,2.68,NZ,1612070800.0
203,East London,-33.0153,27.9116,294.15,94.0,75.0,1.03,ZA,1612070715.0
204,Bondo,3.8146,23.6866,290.54,36.0,100.0,0.82,CD,1612070800.0
205,Fortuna,40.5982,-124.1573,285.37,71.0,90.0,8.75,US,1612070743.0
206,Nanortalik,60.1432,-45.2371,271.0,90.0,100.0,2.53,GL,1612070714.0
207,Barranca,-10.75,-77.7667,293.78,83.0,93.0,2.63,PE,1612070800.0
208,Umluj,25.0213,37.2685,291.52,49.0,0.0,4.51,SA,1612070801.0
209,Tiksi,71.6872,128.8694,240.3,86.0,100.0,1.9,RU,1612070801.0
210,Tuatapere,-46.1333,167.6833,291.01,56.0,100.0,1.58,NZ,1612070801.0
211,Tūkrah,32.5341,20.5791,288.44,65.0,0.0,6.11,LY,1612070801.0
214,Banjar,-8.19,114.9675,302.15,79.0,20.0,4.12,ID,1612070802.0
215,San Matías,-16.3667,-58.4,297.61,80.0,96.0,2.22,BO,1612070802.0
217,Nichinan,31.6,131.3667,287.15,38.0,20.0,3.09,JP,1612070802.0
218,Arraial do Cabo,-22.9661,-42.0278,297.73,83.0,35.0,11.27,BR,1612070803.0
219,Lichuan,30.3,108.85,279.28,84.0,100.0,0.31,CN,1612070803.0
220,Flinders,-34.5833,150.8552,294.26,94.0,98.0,0.45,AU,1612070803.0
221,Karaton,-6.3424,106.1045,303.71,74.0,75.0,5.66,ID,1612070803.0
222,Severo-Kuril'sk,50.6789,156.125,268.74,95.0,100.0,16.76,RU,1612070803.0
223,Petrokamenskoye,57.716,60.6484,261.32,96.0,91.0,2.05,RU,1612070804.0
224,Vaini,-21.2,-175.2,298.15,94.0,75.0,2.57,TO,1612070804.0
225,Puerto Ayora,-0.7393,-90.3518,298.71,91.0,29.0,3.13,EC,1612070804.0
226,San Ramon,37.7799,-121.978,284.15,71.0,40.0,0.88,US,1612070708.0
227,Jishou,28.3167,109.7167,281.31,88.0,99.0,1.03,CN,1612070804.0
228,Lakes Entrance,-37.8811,147.981,292.59,66.0,2.0,1.34,AU,1612070805.0
229,Beyneu,45.3167,55.2,273.92,92.0,97.0,5.36,KZ,1612070805.0
231,Otjimbingwe,-22.35,16.1333,294.96,51.0,9.0,0.63,NA,1612070806.0
232,Kyabé,9.4515,18.9449,293.87,24.0,0.0,2.79,TD,1612070806.0
233,Marsaxlokk,35.8419,14.5431,289.26,77.0,0.0,8.75,MT,1612070806.0
234,Auki,-8.7676,160.7034,302.16,73.0,96.0,6.93,SB,1612070806.0
236,Kuala Terengganu,5.3302,103.1408,302.15,74.0,40.0,3.09,MY,1612070806.0
237,Ribeira Grande,38.5167,-28.7,290.33,94.0,96.0,7.94,PT,1612070807.0
238,Scarborough,54.2797,-0.4044,273.15,82.0,83.0,2.15,GB,1612070704.0
239,Petropavlovsk-Kamchatskiy,53.0452,158.6483,272.15,47.0,100.0,9.0,RU,1612070807.0
240,Te Anau,-45.4167,167.7167,290.4,52.0,84.0,3.07,NZ,1612070807.0
241,Saint Paul Harbor,57.79,-152.4072,271.15,50.0,1.0,6.17,US,1612070725.0
242,Atbasar,51.8,68.3333,264.67,93.0,100.0,2.58,KZ,1612070808.0
243,Puerto Nariño,-3.7703,-70.3831,297.15,100.0,40.0,0.79,CO,1612070808.0
244,Butembo,0.15,29.2833,288.83,86.0,98.0,1.09,CD,1612070808.0
245,Mar del Plata,-38.0023,-57.5575,288.71,58.0,75.0,7.2,AR,1612070564.0
246,Coquimbo,-29.9533,-71.3436,292.15,82.0,75.0,1.03,CL,1612070552.0
248,Pahrump,36.2083,-115.9839,278.15,67.0,0.0,0.45,US,1612070809.0
249,Olean,42.0776,-78.4297,266.15,85.0,90.0,2.06,US,1612070809.0
250,Camacupa,-12.0167,17.4833,288.23,93.0,98.0,1.39,AO,1612070809.0
251,Cherskiy,68.75,161.3,235.71,83.0,0.0,1.05,RU,1612070809.0
252,Farafenni,13.5667,-15.6,294.48,20.0,50.0,3.1,GM,1612070809.0
253,Bredasdorp,-34.5322,20.0403,291.48,89.0,0.0,0.45,ZA,1612070810.0
254,Port-Gentil,-0.7193,8.7815,298.15,94.0,75.0,1.03,GA,1612070810.0
255,Kuopio,62.8924,27.677,268.15,100.0,90.0,1.03,FI,1612070810.0
256,San Miguel de Cozumel,20.5083,-86.9458,295.37,78.0,74.0,0.45,MX,1612070810.0
257,Puerto Madryn,-42.7692,-65.0385,289.96,62.0,44.0,7.07,AR,1612070810.0
258,Erenhot,43.6475,111.9767,267.8,90.0,95.0,8.75,CN,1612070780.0
259,Geraldton,-28.7667,114.6,311.15,25.0,0.0,8.23,AU,1612070724.0
260,Nabire,-3.3667,135.4833,303.62,62.0,97.0,1.88,ID,1612070811.0
261,Tiarei,-17.5333,-149.3333,296.15,88.0,75.0,3.09,PF,1612070720.0
262,Kurchum,48.5722,83.6542,256.18,92.0,55.0,0.14,KZ,1612070811.0
263,Laas,46.6166,10.7002,274.26,100.0,90.0,2.57,IT,1612070812.0
264,Andenes,69.3143,16.1194,270.15,74.0,100.0,5.14,NO,1612070812.0
265,Palana,59.1167,159.9667,250.81,91.0,57.0,2.9,RU,1612070812.0
266,Chauk,20.8833,94.8167,300.62,27.0,76.0,4.95,MM,1612070812.0
267,Porosozero,62.7191,32.727,260.27,97.0,99.0,1.88,RU,1612070812.0
268,Carnarvon,-24.8667,113.6333,306.15,52.0,0.0,6.69,AU,1612070698.0
269,Toda Raisingh,26.0252,75.4849,293.07,24.0,0.0,1.95,IN,1612070813.0
270,Agen,44.2,0.6333,284.26,93.0,90.0,6.69,FR,1612070813.0
271,Mweka,-4.85,21.5667,293.64,100.0,100.0,1.72,CD,1612070813.0
272,Alice Springs,-23.7,133.8833,309.15,19.0,40.0,3.6,AU,1612070813.0
273,Maningrida,-12.0667,134.2667,304.53,65.0,29.0,3.38,AU,1612070814.0
274,Murska Sobota,46.6625,16.1664,272.59,82.0,100.0,0.89,SI,1612070814.0
275,Safaga,26.7292,33.9365,283.15,57.0,0.0,1.76,EG,1612070814.0
277,Katangli,51.7102,143.2326,256.28,89.0,100.0,5.9,RU,1612070814.0
278,Nouadhibou,20.931,-17.0347,292.72,47.0,55.0,7.92,MR,1612070814.0
279,Cockburn Town,21.4612,-71.1419,296.15,60.0,20.0,5.66,TC,1612070815.0
280,Aripuanã,-9.1667,-60.6333,295.79,98.0,100.0,0.72,BR,1612070815.0
283,Bela Vista do Paraíso,-22.9967,-51.1906,294.15,100.0,75.0,1.03,BR,1612070815.0
284,Cururupu,-1.8283,-44.8683,297.77,89.0,100.0,1.2,BR,1612070816.0
285,Ternate,0.8,127.4,301.31,73.0,100.0,2.62,ID,1612070816.0
286,Davila,18.4726,120.5763,302.15,39.0,75.0,2.57,PH,1612070816.0
287,Vestmannaeyjar,63.4427,-20.2734,272.55,94.0,96.0,7.56,IS,1612070744.0
288,Raja,8.4596,25.678,289.37,29.0,26.0,2.31,SS,1612070816.0
289,Tsimmerbude,54.675,20.1347,274.15,75.0,75.0,5.0,RU,1612070816.0
290,Djambala,-2.5447,14.7533,290.87,95.0,99.0,1.62,CG,1612070817.0
291,Suntar,62.1444,117.6319,237.58,80.0,100.0,1.37,RU,1612070817.0
292,Lata,40.1629,-8.3327,287.04,92.0,100.0,3.0,PT,1612070817.0
293,Yulara,-25.2406,130.9889,309.15,19.0,75.0,7.2,AU,1612070817.0
294,Bayjī,34.9311,43.487,282.24,58.0,94.0,3.97,IQ,1612070817.0
295,Maun,-19.9833,23.4167,293.87,91.0,93.0,2.19,BW,1612070818.0
296,Kavaratti,10.5669,72.642,300.43,72.0,16.0,4.71,IN,1612070818.0
297,Sawākin,19.1059,37.3321,293.58,71.0,85.0,6.05,SD,1612070818.0
298,Chokurdakh,70.6333,147.9167,238.23,85.0,11.0,3.85,RU,1612070818.0
299,Kavieng,-2.5744,150.7967,301.81,73.0,99.0,5.67,PG,1612070818.0
300,Port Hardy,50.6996,-127.4199,280.15,87.0,90.0,6.69,CA,1612070819.0
301,Klaksvík,62.2266,-6.589,272.15,80.0,75.0,6.69,FO,1612070709.0
302,Moussoro,13.6408,16.4901,290.93,26.0,12.0,4.98,TD,1612070819.0
303,Teahupoo,-17.8333,-149.2667,296.15,88.0,75.0,3.09,PF,1612070589.0
304,Abu Dhabi,24.4667,54.3667,295.15,78.0,20.0,2.57,AE,1612070735.0
305,Uglegorsk,49.0833,142.0333,259.33,92.0,100.0,6.91,RU,1612070819.0
306,Cascais,38.6979,-9.4215,287.59,85.0,85.0,4.92,PT,1612070820.0
307,São João da Barra,-21.6403,-41.0511,297.72,83.0,10.0,8.64,BR,1612070820.0
308,San Vicente,-26.6167,-54.1333,292.6,99.0,19.0,2.1,AR,1612070820.0
309,Bālurghāt,25.2167,88.7667,292.77,30.0,0.0,1.55,IN,1612070820.0
310,Los Llanos de Aridane,28.6585,-17.9182,291.15,77.0,0.0,5.66,ES,1612070820.0
311,Tura,25.5198,90.2201,294.03,27.0,0.0,1.67,IN,1612070730.0
312,Toamasina,-18.1667,49.3833,301.15,78.0,40.0,1.54,MG,1612070821.0
313,Bilma,18.6853,12.9164,288.19,30.0,0.0,3.43,NE,1612070821.0
314,Fort Nelson,58.8053,-122.7002,246.15,76.0,40.0,1.03,CA,1612070821.0
315,Castro,-24.7911,-50.0119,291.04,95.0,100.0,2.76,BR,1612070821.0
317,Zwedru,6.0667,-8.1281,295.14,98.0,37.0,0.86,LR,1612070822.0
318,Mulegé,26.8833,-111.9833,286.27,64.0,47.0,2.4,MX,1612070822.0
319,Muros,42.7762,-9.0603,285.93,95.0,100.0,3.13,ES,1612070688.0
320,Guánica,17.9716,-66.908,295.93,88.0,1.0,3.92,PR,1612070822.0
321,Sovetskaya Gavan',48.9723,140.2878,258.97,80.0,99.0,4.87,RU,1612070822.0
323,Ilek,51.5271,53.3831,267.04,98.0,92.0,3.44,RU,1612070823.0
324,Nara,34.6851,135.8049,284.26,43.0,75.0,3.09,JP,1612070823.0
325,Usinsk,65.9939,57.5281,255.28,93.0,100.0,4.62,RU,1612070823.0
326,Illela,13.7292,5.2975,290.94,25.0,38.0,4.51,NG,1612070823.0
327,Togur,58.3631,82.8265,244.05,85.0,100.0,3.73,RU,1612070824.0
328,Marsh Harbour,26.5412,-77.0636,292.75,62.0,100.0,6.45,BS,1612070824.0
329,Podgorica,42.4411,19.2636,280.15,93.0,75.0,2.06,ME,1612070824.0
330,Ekhabi,53.5102,142.9671,252.81,88.0,100.0,8.77,RU,1612070824.0
331,Katsuura,35.1333,140.3,284.15,37.0,20.0,7.2,JP,1612070748.0
332,Taft,31.7471,54.2088,281.98,41.0,0.0,2.2,IR,1612070824.0
333,Chabahar,25.2919,60.643,294.12,66.0,0.0,1.13,IR,1612070825.0
334,Nome,64.5011,-165.4064,247.15,76.0,1.0,1.78,US,1612070825.0
335,Mathbaria,22.2876,89.9593,296.66,21.0,0.0,3.23,BD,1612070825.0
336,Zhezkazgan,47.8043,67.7144,265.94,95.0,95.0,3.22,KZ,1612070825.0
337,Arlit,18.7369,7.3853,286.43,31.0,10.0,1.24,NE,1612070806.0
338,Medicine Hat,50.0501,-110.6683,263.15,85.0,1.0,1.03,CA,1612070826.0
339,Buraidah,26.326,43.975,281.15,81.0,0.0,3.43,SA,1612070684.0
340,Chitral,35.8462,71.7858,278.1,53.0,20.0,1.72,PK,1612070648.0
341,Avera,33.194,-82.5271,280.15,87.0,90.0,2.06,US,1612070826.0
342,Arman',59.7,150.1667,249.12,77.0,56.0,7.69,RU,1612070826.0
343,Pombia,45.653,8.6336,276.48,100.0,40.0,1.54,IT,1612070827.0
344,Ust'-Koksa,50.2696,85.6108,265.16,86.0,0.0,0.5,RU,1612070827.0
345,Mahibadhoo,3.7833,72.9667,300.7,74.0,7.0,5.28,MV,1612070743.0
346,Cam Ranh,11.9214,109.1591,301.15,57.0,40.0,6.69,VN,1612070827.0
347,Traralgon,-38.1833,146.5333,299.26,58.0,0.0,4.47,AU,1612070828.0
348,Mahabalipuram,12.6264,80.1722,302.15,58.0,40.0,3.6,IN,1612070828.0
349,Buncrana,55.1333,-7.45,274.82,83.0,100.0,6.89,IE,1612070828.0
350,Shakawe,-18.3667,21.85,293.24,93.0,100.0,2.07,BW,1612070828.0
351,Grindavik,63.8424,-22.4338,268.15,74.0,75.0,1.54,IS,1612070705.0
352,Beeskow,52.1667,14.25,268.71,92.0,10.0,1.36,DE,1612070828.0
353,Ulan-Ude,51.8261,107.6098,250.15,49.0,75.0,7.0,RU,1612070829.0
354,Rājgarh,28.6333,75.3833,292.44,23.0,0.0,1.5,IN,1612070829.0
355,Guerrero Negro,27.9769,-114.0611,287.95,71.0,77.0,3.62,MX,1612070689.0
356,Havøysund,70.9963,24.6622,269.15,93.0,75.0,2.06,NO,1612070829.0
357,Nagai,38.1036,140.035,275.93,80.0,75.0,4.12,JP,1612070829.0
358,Provincie Utrecht,52.0,5.25,269.82,92.0,0.0,0.89,NL,1612070550.0
359,Port Moresby,-9.4431,147.1797,298.15,94.0,75.0,2.57,PG,1612070719.0
360,Marabá,-5.3686,-49.1178,294.86,97.0,100.0,1.02,BR,1612070830.0
361,Elk Point,42.6833,-96.6836,271.15,93.0,90.0,7.2,US,1612070830.0
362,Dogondoutchi,13.6393,4.0287,291.56,23.0,29.0,4.21,NE,1612070830.0
363,Alingsås,57.9303,12.5335,263.15,85.0,1.0,1.54,SE,1612070831.0
364,Jiangyou,31.7667,104.7167,286.92,38.0,33.0,2.4,CN,1612070831.0
365,Wukari,7.85,9.7833,293.5,25.0,0.0,1.48,NG,1612070831.0
366,Margate,51.3813,1.3862,277.04,61.0,40.0,1.79,GB,1612070831.0
367,Praia,14.9215,-23.5087,296.15,49.0,0.0,7.2,CV,1612070831.0
369,Karratha,-20.7377,116.8463,309.99,35.0,100.0,3.86,AU,1612070832.0
370,Naryan-Mar,67.6713,53.087,255.78,92.0,100.0,4.69,RU,1612070832.0
371,Ancud,-41.8697,-73.8203,283.71,93.0,0.0,0.51,CL,1612070832.0
372,Olinda,-8.0089,-34.8553,299.15,69.0,75.0,2.06,BR,1612070832.0
373,Phan Thiet,10.9333,108.1,301.79,52.0,100.0,4.45,VN,1612070832.0
374,Beringovskiy,63.05,179.3167,258.19,94.0,100.0,13.76,RU,1612070685.0
375,Belozërskoye,55.8214,65.5842,260.52,95.0,94.0,2.0,RU,1612070833.0
376,Pauini,-7.7136,-66.9764,296.23,98.0,100.0,1.44,BR,1612070833.0
377,Belen,36.4891,36.2233,278.15,100.0,75.0,8.75,TR,1612070833.0
378,Boca do Acre,-8.7522,-67.3978,296.16,98.0,100.0,1.39,BR,1612070833.0
380,Bereda,43.2686,-7.5406,283.15,100.0,100.0,3.13,ES,1612070696.0
381,Kruisfontein,-34.0033,24.7314,290.37,91.0,0.0,0.45,ZA,1612070834.0
382,Takoradze,4.8845,-1.7554,298.9,90.0,40.0,3.38,GH,1612070834.0
383,Seydi,39.4816,62.9137,281.93,51.0,100.0,5.17,TM,1612070834.0
384,Inírida,3.8653,-67.9239,298.36,76.0,53.0,1.13,CO,1612070834.0
385,Cayenne,4.9333,-52.3333,299.15,89.0,75.0,3.09,GF,1612070835.0
386,Noumea,-22.2763,166.4572,300.93,65.0,75.0,8.23,NC,1612070835.0
387,Gimli,50.6336,-96.9907,268.15,93.0,100.0,1.03,CA,1612070835.0
388,Alihe,50.5667,123.7167,251.64,81.0,100.0,0.29,CN,1612070835.0
390,Pasłęk,54.0616,19.6593,269.82,97.0,66.0,5.95,PL,1612070836.0
391,Loikaw,19.6742,97.2094,300.47,32.0,55.0,3.54,MM,1612070836.0
393,Lhokseumawe,5.1801,97.1507,302.06,64.0,73.0,3.07,ID,1612070828.0
394,Lyngdal,58.1376,7.07,273.15,84.0,0.0,5.74,NO,1612070836.0
395,Touros,-5.1989,-35.4608,297.15,94.0,75.0,1.54,BR,1612070837.0
397,Salamanca,40.8333,-6.0,280.93,99.0,99.0,4.02,ES,1612070837.0
398,Bandarbeyla,9.4942,50.8122,297.03,65.0,79.0,7.33,SO,1612070753.0
399,Gorlice,49.6556,21.1604,269.26,83.0,98.0,0.89,PL,1612070837.0
400,Burnie,-41.0667,145.9167,291.1,76.0,77.0,4.39,AU,1612070694.0
401,Farsø,56.7728,9.3393,272.04,86.0,0.0,4.02,DK,1612070627.0
402,Olkhovka,53.2115,60.6069,261.91,95.0,56.0,1.86,RU,1612070838.0
403,Port Lincoln,-34.7333,135.8667,294.14,56.0,77.0,4.24,AU,1612070838.0
404,Niquero,20.0431,-77.5828,294.07,82.0,1.0,7.42,CU,1612070838.0
405,Bosaso,11.2842,49.1816,296.15,73.0,20.0,4.63,SO,1612070839.0
407,Batagay,67.6333,134.6333,229.91,76.0,68.0,0.66,RU,1612070678.0
408,Dokka,60.84,10.0618,261.49,87.0,46.0,2.04,NO,1612070839.0
409,College,64.8569,-147.8028,253.15,77.0,90.0,0.29,US,1612070731.0
410,Tateyama,34.9833,139.8667,286.48,47.0,20.0,4.63,JP,1612070839.0
411,Rørvik,64.8621,11.2373,272.78,94.0,68.0,5.67,NO,1612070840.0
412,Tadpatri,14.9167,78.0167,301.63,32.0,19.0,4.94,IN,1612070840.0
413,Mahon,39.8885,4.2658,284.15,71.0,0.0,6.17,ES,1612070840.0
414,Lyaskelya,61.7667,31.0167,265.54,97.0,100.0,1.98,RU,1612070840.0
415,Vanimo,-2.6741,141.3028,303.07,64.0,91.0,5.52,PG,1612070840.0
416,Kiryat Gat,31.61,34.7642,285.93,58.0,0.0,0.45,IL,1612070841.0
417,Bara,10.3744,10.7288,290.14,30.0,0.0,2.46,NG,1612070841.0
418,Erdenet,49.0333,104.0833,253.75,89.0,100.0,2.45,MN,1612070841.0
419,Zaraza,9.3503,-65.3245,296.45,85.0,66.0,2.26,VE,1612070841.0
420,Diu,20.7141,70.9822,298.74,20.0,0.0,4.65,IN,1612070841.0
421,Haines Junction,60.7522,-137.5108,246.15,76.0,95.0,0.51,CA,1612070842.0
422,Great Yarmouth,52.6083,1.7305,276.48,75.0,25.0,3.09,GB,1612070842.0
423,Marzuq,14.4,46.4667,292.51,45.0,0.0,1.46,YE,1612070842.0
425,Anzio,41.4853,12.6179,286.48,65.0,98.0,4.02,IT,1612070842.0
426,Kahului,20.8947,-156.47,296.15,68.0,1.0,6.69,US,1612070842.0
427,Puerto Madero,14.7208,-92.4215,297.92,76.0,69.0,1.4,MX,1612070843.0
428,Grand-Santi,4.25,-54.3833,295.5,97.0,70.0,1.14,GF,1612070843.0
429,Chingirlau,51.095,54.0814,266.0,97.0,93.0,3.54,KZ,1612070843.0
430,Longyearbyen,78.2186,15.6401,252.15,59.0,20.0,7.72,SJ,1612070843.0
431,Hong Kong,22.2855,114.1577,296.15,43.0,0.0,5.14,HK,1612070586.0
432,Liwale,-9.7667,37.9333,295.39,95.0,99.0,2.24,TZ,1612070844.0
433,Hatillo,18.4863,-66.8254,296.15,83.0,75.0,7.72,PR,1612070844.0
434,Nayoro,44.3506,142.4578,267.88,93.0,99.0,3.18,JP,1612070844.0
435,Pita,10.8333,-12.5833,292.88,24.0,25.0,1.47,GN,1612070844.0
436,Lagoa,39.05,-27.9833,289.58,96.0,73.0,10.4,PT,1612070844.0
438,Lábrea,-7.2586,-64.7981,296.14,97.0,98.0,0.89,BR,1612070845.0
439,Sisimiut,66.9395,-53.6735,257.91,90.0,56.0,3.43,GL,1612070845.0
440,Kirensk,57.7853,108.1119,237.91,79.0,100.0,1.89,RU,1612070845.0
441,Laramie,41.3114,-105.5911,268.71,58.0,1.0,4.63,US,1612070845.0
442,Husavik,66.0449,-17.3389,264.15,73.0,75.0,4.12,IS,1612070846.0
443,Padang,-0.9492,100.3543,300.36,76.0,97.0,4.04,ID,1612070646.0
444,Shimoda,34.6667,138.95,285.15,47.0,20.0,4.63,JP,1612070717.0
445,Walvis Bay,-22.9575,14.5053,292.59,77.0,7.0,3.6,NA,1612070846.0
446,Yerbogachën,61.2767,108.0108,240.82,83.0,29.0,3.14,RU,1612070643.0
447,Mwaro Province,-3.5,29.6667,287.96,84.0,99.0,0.2,BI,1612070846.0
449,La Crosse,43.8014,-91.2396,272.15,80.0,90.0,4.12,US,1612070707.0
450,Coahuayana Viejo,18.7333,-103.6833,295.76,89.0,1.0,1.14,MX,1612070847.0
451,Malanje,-9.5402,16.341,290.14,98.0,100.0,1.54,AO,1612070847.0
452,Ardakān,32.31,54.0175,283.47,41.0,0.0,1.12,IR,1612070596.0
453,Naze,28.3667,129.4833,291.15,55.0,20.0,4.12,JP,1612070700.0
454,São Sebastião,-23.76,-45.4097,298.39,77.0,91.0,0.84,BR,1612070657.0
455,Nyurba,63.2842,118.3319,233.73,79.0,92.0,1.31,RU,1612070848.0
456,Wawa,9.9022,4.4192,294.02,26.0,0.0,1.44,NG,1612070848.0
457,Hamilton,39.1834,-84.5333,274.26,93.0,90.0,2.57,US,1612070848.0
458,Beaufort,5.3473,115.7455,303.15,66.0,20.0,1.54,MY,1612070849.0
459,Yar-Sale,66.8333,70.8333,246.91,88.0,100.0,7.4,RU,1612070849.0
460,Saint-Philippe,-21.3585,55.7679,304.15,55.0,0.0,4.12,RE,1612070683.0
461,Charters Towers,-20.1,146.2667,304.0,46.0,92.0,4.4,AU,1612070849.0
462,Jiazi,22.8779,116.067,293.44,52.0,0.0,6.28,CN,1612070737.0
463,Eureka,40.8021,-124.1637,285.37,87.0,90.0,2.06,US,1612070565.0
464,Forsytheganj,52.6333,29.7333,267.3,97.0,100.0,4.43,BY,1612070850.0
466,Medveda,56.5081,92.4078,239.15,75.0,6.0,2.0,RU,1612070850.0
467,Florence,43.7667,11.25,283.15,93.0,75.0,1.03,IT,1612070850.0
468,Nanchong,30.7951,106.0847,286.9,53.0,100.0,1.79,CN,1612070850.0
469,Rosarito,32.3333,-117.0333,284.26,87.0,20.0,2.58,MX,1612070851.0
470,Almaznyy,48.0448,40.045,275.15,93.0,40.0,6.0,RU,1612070851.0
471,Coffs Harbour,-30.3,153.1333,300.37,69.0,37.0,6.69,AU,1612070851.0
472,Bétérou,9.1992,2.2586,292.93,25.0,1.0,1.19,BJ,1612070851.0
473,Bagdarin,54.4333,113.6,248.68,74.0,16.0,0.55,RU,1612070851.0
474,Laguna,38.421,-121.4238,283.71,81.0,40.0,2.06,US,1612070852.0
475,Fort Saint James,54.4333,-124.25,264.43,96.0,99.0,1.2,CA,1612070852.0
476,Filingué,14.3521,3.3168,291.0,24.0,2.0,3.96,NE,1612070852.0
477,Ilulissat,69.2167,-51.1,259.15,66.0,90.0,4.12,GL,1612070778.0
478,Sabzawār,36.2126,57.6819,280.07,58.0,0.0,5.17,IR,1612070852.0
479,Hervey Bay,-25.2986,152.8535,303.71,51.0,4.0,7.72,AU,1612070852.0
480,Caravelas,-17.7125,-39.2481,296.39,88.0,2.0,1.31,BR,1612070853.0
481,Grahamstown,-33.3042,26.5328,294.82,84.0,52.0,0.68,ZA,1612070853.0
483,Terra Nova,-12.3667,-40.6667,296.15,78.0,90.0,1.54,BR,1612070853.0
484,San Andrés,12.5847,-81.7006,300.15,74.0,20.0,6.17,CO,1612070853.0
486,Mergen,49.1833,125.2167,250.9,88.0,100.0,2.18,CN,1612070854.0
487,Nedryhayliv,50.834,33.8763,271.56,98.0,100.0,5.94,UA,1612070854.0
488,Thinadhoo,0.5333,72.9333,300.86,76.0,12.0,6.05,MV,1612070854.0
489,Biak,-0.9131,122.8766,301.12,67.0,100.0,1.09,ID,1612070854.0
490,Crixás,-14.5489,-49.9692,294.79,90.0,92.0,1.27,BR,1612070854.0
491,Hvide Sande,56.0045,8.1294,273.15,83.0,0.0,0.45,DK,1612070855.0
492,Bonfim,3.0833,-59.95,298.17,78.0,68.0,3.74,BR,1612070706.0
493,Tawang Town,27.5833,91.8667,280.34,47.0,0.0,2.61,IN,1612070855.0
494,Lafia,8.4833,8.5167,294.44,23.0,0.0,1.93,NG,1612070855.0
495,Oranjemund,-28.55,16.4333,288.62,92.0,3.0,3.72,NA,1612070855.0
496,Mirny,62.5353,113.9611,239.49,81.0,100.0,2.25,RU,1612070856.0
497,Tokat,40.4167,36.5833,270.2,100.0,100.0,2.19,TR,1612070856.0
498,Dehlorān,32.6941,47.2679,283.68,47.0,0.0,0.31,IR,1612070856.0
499,Gua Musang,4.8823,101.9644,301.22,59.0,86.0,1.56,MY,1612070856.0
500,Polunochnoye,60.8697,60.4153,248.27,90.0,100.0,0.49,RU,1612070856.0
501,Beremend,45.7911,18.4326,276.48,100.0,40.0,4.63,HU,1612070857.0
502,Leiyang,26.4024,112.8591,287.54,56.0,99.0,1.12,CN,1612070857.0
503,Cananéia,-25.0147,-47.9267,297.58,88.0,100.0,1.88,BR,1612070857.0
504,Stolbishche,55.6468,49.216,270.15,93.0,90.0,6.0,RU,1612070857.0
505,Yuncheng,35.0231,110.9928,284.18,35.0,100.0,3.53,CN,1612070857.0
506,Sept-Îles,50.2001,-66.3821,267.15,63.0,78.0,2.57,CA,1612070858.0
507,Lorengau,-2.0226,147.2712,301.44,80.0,98.0,5.13,PG,1612070732.0
508,San Cristobal,7.7669,-72.225,290.91,70.0,83.0,0.74,VE,1612070858.0
509,Boguchany,58.3814,97.4531,238.25,78.0,19.0,0.45,RU,1612070858.0
510,Fairview,40.8126,-73.999,270.15,46.0,1.0,1.89,US,1612070858.0
511,Campbell River,50.0163,-125.2446,280.37,93.0,90.0,8.75,CA,1612070859.0
512,The Valley,18.217,-63.0578,298.15,88.0,40.0,4.12,AI,1612070859.0
513,Haverfordwest,51.8017,-4.9691,274.15,86.0,40.0,2.57,GB,1612070859.0
514,Oranjestad,12.524,-70.027,299.15,78.0,20.0,10.29,AW,1612070859.0
515,La Ronge,55.1001,-105.2842,262.15,79.0,5.0,0.46,CA,1612070859.0
516,Iracoubo,5.4802,-53.2011,298.26,85.0,79.0,6.36,GF,1612070760.0
518,Balikpapan,-1.2675,116.8289,304.15,62.0,40.0,3.6,ID,1612070843.0
519,Kapit,2.0167,112.9333,303.09,61.0,100.0,1.54,MY,1612070782.0
520,Bandrele,-12.9067,45.1914,303.15,74.0,40.0,3.09,YT,1612070860.0
521,Sinegor'ye,62.0788,150.477,239.89,80.0,100.0,3.69,RU,1612070860.0
522,Port Hedland,-20.3167,118.5667,310.15,36.0,75.0,5.66,AU,1612070861.0
523,Soyo,-6.1349,12.3689,299.39,86.0,98.0,4.01,AO,1612070861.0
524,Hambantota,6.1241,81.1185,301.15,83.0,40.0,3.6,LK,1612070861.0
525,Aktobe,50.2797,57.2072,256.15,85.0,15.0,2.89,KZ,1612070843.0
526,Acapulco de Juárez,16.8634,-99.8901,297.39,80.0,73.0,1.9,MX,1612070678.0
527,Jiblah,13.9216,44.1467,289.21,48.0,0.0,0.62,YE,1612070862.0
528,Rawson,-43.3002,-65.1023,289.47,58.0,44.0,6.3,AR,1612070862.0
530,Quatre Cocos,-20.2078,57.7625,302.59,70.0,40.0,4.63,MU,1612070862.0
531,Itacoatiara,-3.1431,-58.4442,296.24,95.0,9.0,0.5,BR,1612070726.0
532,Pilar,-9.5972,-35.9567,296.15,100.0,40.0,1.54,BR,1612070862.0
533,Glyadyanskoye,54.9075,65.0883,260.07,95.0,89.0,1.45,RU,1612070863.0
534,Isla Mujeres,21.2311,-86.731,298.15,60.0,40.0,3.6,MX,1612070863.0
535,Igarka,67.4667,86.5833,239.96,79.0,78.0,5.34,RU,1612070863.0
536,Rocha,-34.4833,-54.3333,291.79,91.0,100.0,6.52,UY,1612070863.0
537,Shīeli,44.1667,66.75,278.11,65.0,23.0,1.17,KZ,1612070863.0
539,Verkhnyaya Inta,65.9811,60.3094,254.91,89.0,100.0,4.46,RU,1612070864.0
540,Medowie,-32.7333,151.8667,300.15,74.0,40.0,7.72,AU,1612070864.0
541,West Bay,19.3667,-81.4167,298.15,79.0,2.0,0.89,KY,1612070864.0
542,Meulaboh,4.1363,96.1285,302.64,61.0,70.0,1.8,ID,1612070764.0
543,Aksarka,66.5606,67.7975,247.84,89.0,100.0,3.15,RU,1612070865.0
544,Waingapu,-9.6567,120.2641,301.4,75.0,100.0,7.06,ID,1612070865.0
545,Sturgis,41.7992,-85.4192,270.15,86.0,90.0,7.2,US,1612070865.0
546,Nouakchott,18.0858,-15.9785,292.15,14.0,100.0,3.09,MR,1612070865.0
547,Kalush,49.0119,24.3731,271.15,80.0,75.0,1.0,UA,1612070865.0
548,Kargasok,59.0556,80.8572,244.66,86.0,100.0,5.82,RU,1612070866.0
549,Nzega,-2.479,29.5564,286.8,90.0,79.0,1.67,RW,1612070866.0
550,Sarmanovo,55.2553,52.5891,270.15,86.0,90.0,6.0,RU,1612070866.0
551,Pouembout,-21.1333,164.9,299.93,70.0,72.0,4.69,NC,1612070866.0
552,Salisbury,51.0693,-1.7957,274.15,80.0,84.0,2.57,GB,1612070867.0
553,Ziyang,29.2497,117.8547,293.08,50.0,25.0,0.56,CN,1612070867.0
554,Progreso,21.2833,-89.6667,293.71,73.0,20.0,4.63,MX,1612070867.0
555,Toktogul,41.8708,72.9402,274.29,70.0,100.0,0.55,KG,1612070867.0
556,Jingdezhen,29.2947,117.2079,292.05,47.0,56.0,1.69,CN,1612070867.0
557,Takhatgarh,25.3333,73.0,295.72,19.0,0.0,1.25,IN,1612070868.0
558,Wonthaggi,-38.6044,145.5913,299.26,57.0,22.0,4.69,AU,1612070868.0
559,Aitape,-3.1374,142.3475,302.38,72.0,83.0,6.19,PG,1612070868.0
560,Gumdag,39.2061,54.5906,280.81,90.0,51.0,2.72,TM,1612070868.0
561,Hurghada,27.2574,33.8129,283.15,57.0,0.0,3.28,EG,1612070703.0
562,Kharp,66.8014,65.8081,245.18,86.0,100.0,1.61,RU,1612070868.0
563,Lázaro Cárdenas,17.9583,-102.2,296.86,85.0,23.0,1.46,MX,1612070869.0
565,Omsukchan,62.5333,155.8,238.5,81.0,100.0,5.96,RU,1612070869.0
566,Honningsvåg,70.9821,25.9704,270.49,96.0,100.0,9.51,NO,1612070869.0
567,Lukiv,51.0521,25.4006,265.15,98.0,83.0,2.91,UA,1612070869.0
568,Vostok,46.4856,135.8833,251.92,84.0,13.0,2.56,RU,1612070870.0
569,Miandrivazo,-19.5167,45.4667,300.87,64.0,1.0,1.12,MG,1612070870.0
570,Pakokku,21.3333,95.1,299.91,29.0,42.0,4.76,MM,1612070870.0
572,Bathsheba,13.2167,-59.5167,299.15,73.0,40.0,8.23,BB,1612070683.0
573,Ostrovnoy,68.0531,39.5131,264.41,95.0,100.0,3.51,RU,1612070696.0
574,Kainantu,-6.2887,145.8655,295.68,74.0,99.0,1.48,PG,1612070871.0
575,Zhanakorgan,43.9098,67.2495,277.47,70.0,72.0,1.38,KZ,1612070871.0
576,Neyshabur,36.2133,58.7958,281.16,56.0,26.0,3.16,IR,1612070871.0
577,Niceville,30.5169,-86.4822,290.15,94.0,90.0,4.12,US,1612070871.0
578,Kieta,-6.2167,155.6333,302.41,66.0,100.0,7.11,PG,1612070790.0
579,Olafsvik,64.8945,-23.7142,268.11,88.0,21.0,7.02,IS,1612070872.0
580,Épernay,49.05,3.95,279.15,93.0,90.0,4.12,FR,1612070872.0
581,Ulladulla,-35.35,150.4667,293.15,94.0,90.0,3.6,AU,1612070595.0
582,Ransang,8.9603,117.5828,302.05,64.0,20.0,5.27,PH,1612070872.0
583,Parrita,9.5201,-84.3225,293.15,68.0,20.0,6.69,CR,1612070873.0
584,Elko,41.0002,-115.5012,270.37,74.0,1.0,2.57,US,1612070694.0
585,Pitimbu,-7.4706,-34.8086,298.15,88.0,20.0,2.06,BR,1612070867.0
586,Acheng,45.5454,126.977,257.15,66.0,40.0,3.0,CN,1612070873.0
588,Fort-Shevchenko,44.5086,50.263,275.83,81.0,9.0,4.45,KZ,1612070874.0
590,Leningradskiy,69.3833,178.4167,240.38,82.0,12.0,1.89,RU,1612070728.0
591,Abū Zabad,12.35,29.25,289.18,29.0,2.0,5.65,SD,1612070874.0
592,Baghdad,33.3406,44.4009,282.15,66.0,46.0,2.57,IQ,1612070874.0
593,Dwārka,22.2394,68.9678,295.46,31.0,0.0,3.48,IN,1612070875.0
594,Suez,29.9737,32.5263,285.43,46.0,0.0,2.95,EG,1612070875.0
595,Igrim,63.1906,64.4162,250.73,91.0,100.0,0.99,RU,1612070875.0
596,Sola,-13.8833,167.55,300.75,77.0,100.0,4.75,VU,1612070875.0
597,Stonewall,50.1344,-97.3268,267.59,93.0,90.0,1.54,CA,1612070875.0
598,Yanji,42.9075,129.5078,263.41,82.0,100.0,1.62,CN,1612070875.0
599,San José de Río Tinto,14.9333,-85.7,296.15,73.0,40.0,1.54,HN,1612070876.0
600,Apatity,67.5641,33.4031,262.04,79.0,100.0,0.77,RU,1612070876.0
601,Matagami,49.7502,-77.6328,254.15,92.0,90.0,2.06,CA,1612070876.0
602,Lancaster,40.2504,-76.2499,269.26,54.0,1.0,1.3,US,1612070704.0
603,Ugoofaaru,5.6667,73.0,301.0,69.0,53.0,4.21,MV,1612070876.0
604,Necochea,-38.5473,-58.7368,285.93,73.0,35.0,4.28,AR,1612070877.0
605,Moose Factory,51.2585,-80.6094,250.15,84.0,40.0,2.06,CA,1612070877.0
606,Tongliao,43.6125,122.2653,262.52,93.0,98.0,2.26,CN,1612070877.0
608,Tonantins,-2.8731,-67.8022,296.22,95.0,63.0,0.86,BR,1612070877.0
609,Upata,8.0086,-62.3989,296.48,97.0,46.0,1.76,VE,1612070878.0
610,Adrar,20.5022,-10.0711,289.96,28.0,29.0,3.87,MR,1612070878.0
611,Swellendam,-34.0226,20.4417,293.31,68.0,0.0,1.51,ZA,1612070878.0
612,Tshikapa,-6.4167,20.8,293.95,95.0,100.0,1.88,CD,1612070878.0
613,Caucayá,-0.1934,-74.7819,296.21,70.0,64.0,0.98,CO,1612070878.0
614,Turbat,26.0023,63.044,292.89,48.0,0.0,0.66,PK,1612070879.0
615,Jarosław,50.0162,22.6778,266.48,93.0,40.0,2.57,PL,1612070879.0
616,Pinheiro Machado,-31.5783,-53.3811,289.82,100.0,100.0,1.34,BR,1612070879.0
617,Biratnagar,26.4831,87.2834,293.6,36.0,0.0,1.33,NP,1612070879.0
618,Xining,36.6167,101.7667,270.15,63.0,0.0,1.8,CN,1612070879.0
619,Lac du Bonnet,50.2536,-96.0612,268.15,100.0,100.0,1.02,CA,1612070880.0
620,Ixtapa,20.7,-105.2,293.15,94.0,1.0,1.09,MX,1612070880.0
623,Manokwari,-0.8667,134.0833,299.64,82.0,100.0,7.42,ID,1612070812.0
624,Huarmey,-10.0681,-78.1522,294.85,75.0,86.0,3.36,PE,1612070881.0
625,Reconquista,-29.15,-59.65,295.53,86.0,31.0,4.11,AR,1612070881.0
626,Corvallis,44.5646,-123.262,281.48,100.0,90.0,1.07,US,1612070881.0
627,Jeremoabo,-10.075,-38.4808,294.76,91.0,100.0,1.54,BR,1612070881.0
628,Paamiut,61.994,-49.6678,268.17,90.0,0.0,5.93,GL,1612070702.0
629,Kalengwa,-13.4659,25.0027,291.5,98.0,100.0,1.6,ZM,1612070881.0
630,Methóni,36.8197,21.7049,283.71,100.0,20.0,2.74,GR,1612070882.0
631,Mâncio Lima,-7.6142,-72.8958,295.2,95.0,82.0,0.44,BR,1612070882.0
632,Huilong,31.8111,121.655,287.59,62.0,93.0,0.89,CN,1612070882.0
633,Bakchar,57.0186,82.0711,246.11,86.0,100.0,2.82,RU,1612070882.0
634,Nemuro,43.3236,145.575,269.15,63.0,20.0,2.57,JP,1612070882.0
